{"cameraMode":{"drawMode":0,"name":"Shaded","section":"Shading Mode"},"sceneLighting":true,"audioPlay":false,"sceneViewState":{"m_AlwaysRefresh":false,"showFog":true,"showSkybox":true,"showFlares":true,"showImageEffects":true,"showParticleSystems":true,"showVisualEffectGraphs":true,"m_FxEnabled":true},"in2DMode":false,"pivot":{"x":5.5275421142578129,"y":-1.9574568271636963,"z":-18.33005142211914},"rotation":{"x":0.020569883286952974,"y":0.9743874669075012,"z":-0.10003875195980072,"w":0.20036166906356812},"size":8.688484191894532,"orthographic":false}